"Word","acc","accuracy","average_response_time","avg_rt","background","bidi","canvas_backend","color","compensation","coordinates","correct","correct_button_mouse","correct_button_mouse_1","correct_instructions","correct_mouse","correct_mouse_1","correct_response","count_Color","count_Color_1","count_Word","count_Word_1","count_block_loop","count_block_sequence","count_end_of_experiment","count_experiment","count_experimental_loop","count_fixation","count_fixation_1","count_instructions","count_logger","count_logger_1","count_mouse","count_mouse_1","count_reset_feedback","count_tester","count_trial_sequence","count_trial_sequence_1","datetime","description","disable_garbage_collection","experiment_file","experiment_path","font_bold","font_family","font_italic","font_size","font_underline","foreground","form_clicks","fullscreen","height","initiation_time","initiation_time_mouse","initiation_time_mouse_1","live_row","live_row_block_loop","live_row_experimental_loop","logfile","opensesame_codename","opensesame_version","practice","repeat_cycle","response","response_end_of_experiment","response_instructions","response_mouse","response_mouse_1","response_time","response_time_end_of_experiment","response_time_instructions","response_time_mouse","response_time_mouse_1","round_decimals","sound_buf_size","sound_channels","sound_freq","sound_sample_size","start","subject_nr","subject_parity","time_Color","time_Color_1","time_Word","time_Word_1","time_block_loop","time_block_sequence","time_end_of_experiment","time_experiment","time_experimental_loop","time_fixation","time_fixation_1","time_instructions","time_logger","time_logger_1","time_mouse","time_mouse_1","time_reset_feedback","time_tester","time_trial_sequence","time_trial_sequence_1","timestamps_mouse","timestamps_mouse_1","title","total_correct","total_response_time","total_responses","uniform_coordinates","width","xpos_mouse","xpos_mouse_1","ypos_mouse","ypos_mouse_1"
"Pain","undefined","undefined","undefined","undefined","black","yes","psycho","#dada00","0","uniform","1","orange_button","NA","undefined","1","NA","orange_button","0","NA","NA","NA","0","0","0","0","0","0","NA","0","0","NA","0","NA","0","0","0","NA","Fri Oct 14 08:51:56 2022","A template containing a practice and an experimental phase","yes","Emotional stroop task.osexp","C:/Users/frede/Documents/Uni/AU/Semester 3/Perception & action/Class/experiment/PercAct/Mousetracking","no","mono","no","18","no","white","no","yes","768","435.5826000100933","435.5826000100933","NA","0","0","0","C:/Users/frede/Documents/Uni/AU/Semester 3/Perception & action/Class/experiment/PercAct/Mousetracking/subject-677.csv","Lentiform Loewenfeld","3.3.12","no","0","orange_button","NA","space","orange_button","NA","768.0388000007952","NA","14464.214599996922","768.0388000007952","NA","2","1024","2","48000","-16","experiment","677","odd","19501.241900012246","NA","NA","NA","19187.503300010576","19187.28880000708","NA","4694.40220000979","19186.562700007926","19275.352100012242","NA","4720.35840000899","20275.05409999867","NA","19501.380500005325","NA","NA","19295.119500005967","19269.189099999494","NA","[19502.757700000075, 19513.29600000463, 19523.59019999858, 19533.783000006224, 19544.036600011168, 19554.2443000013, 19564.38190001063, 19574.47750000574, 19584.57300000009, 19594.713900005445, 19604.815500002587, 19614.941700012423, 19625.084700004663, 19635.18870000553, 19645.296000002418, 19655.44570000202, 19665.58729999815, 19675.681400010944, 19685.78540001181, 19695.895400000154, 19705.98750001227, 19716.08750001178, 19726.260399998864, 19736.354200009373, 19746.463300005416, 19756.615500009502, 19766.72260000487, 19776.817200006917, 19786.907400004566, 19797.005800006445, 19807.10020000697, 19817.195800002082, 19827.296800009208, 19837.387600011425, 19847.49620000366, 19857.59460000554, 19867.685700010043, 19877.786000011838, 19887.878200010164, 19897.97350000299, 19908.061200010707, 19918.15330000827, 19928.241600006004, 19938.340300010168, 19948.467599999276, 19958.59890000429, 19968.75060000457, 19978.893200008315, 19989.00010000216, 19999.112900011824, 20009.212800010573, 20019.331500006956, 20029.435800010106, 20039.717100007692, 20050.00600000494, 20060.22970000049, 20070.359700010158, 20080.47760000045, 20090.56920000876, 20100.731400001678, 20110.873900004663, 20120.973299999605, 20131.098600002588, 20141.20450000337, 20151.33420001075, 20161.477600006037, 20171.589400008088, 20181.69610000041, 20191.80870000855, 20201.951100010774, 20212.101500001154, 20222.232100000838, 20232.345000011264, 20242.44980000367, 20252.554600010626, 20262.648700008867, 20270.79650000087]","NA","Extended template","0","0","0","yes","1024","[0, 0.0, 0.0, 0.0, 0.0, 0.0, 0.0, 0.0, 0.0, 0.0, 0.0, 0.0, 0.0, 0.0, 0.0, 0.0, 0.0, 0.0, 0.0, 0.0, 0.0, 0.0, 0.0, 0.0, 0.0, 0.0, 0.0, 0.0, 0.0, 0.0, 0.0, 0.0, 0.0, 0.0, 0.0, 0.0, 0.0, 0.0, 0.0, 0.0, 0.0, 0.0, 0.0, 0.0, 3.0, 14.0, 23.0, 46.0, 59.0, 89.0, 106.0, 121.0, 141.0, 169.0, 187.0, 200.0, 211.0, 235.0, 244.0, 254.0, 268.0, 273.0, 279.0, 281.0, 284.0, 285.0, 287.0, 292.0, 305.0, 316.0, 327.0, 338.0, 348.0, 348.0, 348.0, 348.0, 348.0]","NA","[0, -0.0, -0.0, -0.0, -0.0, -0.0, -0.0, -0.0, -0.0, -0.0, -0.0, -0.0, -0.0, -0.0, -0.0, -0.0, -0.0, -0.0, -0.0, -0.0, -0.0, -0.0, -0.0, -0.0, -0.0, -0.0, -0.0, -0.0, -0.0, -0.0, -0.0, -0.0, -0.0, -0.0, -0.0, -0.0, -0.0, -0.0, -0.0, -0.0, -0.0, -0.0, -0.0, -0.0, -4.0, -14.0, -22.0, -42.0, -54.0, -79.0, -91.0, -101.0, -115.0, -139.0, -155.0, -168.0, -179.0, -207.0, -222.0, -235.0, -251.0, -259.0, -264.0, -266.0, -270.0, -272.0, -276.0, -281.0, -287.0, -293.0, -298.0, -304.0, -309.0, -309.0, -309.0, -309.0, -309.0]","NA"
"Shirt","undefined","undefined","undefined","undefined","black","yes","psycho","#00aaff","0","uniform","1","blue_button","NA","undefined","1","NA","blue_button","1","NA","NA","NA","0","0","0","0","0","1","NA","0","1","NA","1","NA","0","1","1","NA","Fri Oct 14 08:51:56 2022","A template containing a practice and an experimental phase","yes","Emotional stroop task.osexp","C:/Users/frede/Documents/Uni/AU/Semester 3/Perception & action/Class/experiment/PercAct/Mousetracking","no","mono","no","18","no","white","no","yes","768","365.2665999979945","365.2665999979945","NA","1","1","0","C:/Users/frede/Documents/Uni/AU/Semester 3/Perception & action/Class/experiment/PercAct/Mousetracking/subject-677.csv","Lentiform Loewenfeld","3.3.12","no","0","blue_button","NA","space","blue_button","NA","739.9551999988034","NA","14464.214599996922","739.9551999988034","NA","2","1024","2","48000","-16","experiment","677","odd","20633.997400000226","NA","NA","NA","19187.503300010576","19187.28880000708","NA","4694.40220000979","19186.562700007926","20421.929600008298","NA","4720.35840000899","21378.814900002908","NA","20634.155799998553","NA","NA","20428.68310000631","20414.93850000552","NA","[20635.143700012122, 20645.37990000099, 20655.602700004238, 20665.772000007564, 20675.924499999383, 20686.16580001253, 20696.365900003002, 20706.508300005225, 20716.612700009136, 20726.76990000764, 20736.950100006652, 20747.171900002286, 20757.56190001266, 20767.830600001616, 20777.971000003163, 20788.066500012064, 20798.16700000083, 20808.364100012113, 20818.503700007568, 20828.61490000505, 20838.712400000077, 20848.821100007626, 20858.92590000003, 20869.030300003942, 20879.14640000963, 20889.26170000923, 20899.370099999942, 20909.4890000124, 20919.587199998205, 20929.688000003807, 20939.78730001254, 20949.895199999446, 20959.99899999879, 20970.105400003376, 20980.205900006695, 20990.30610000773, 21000.410300010117, 21010.567900011665, 21020.698400010588, 21030.843500004266, 21040.9556000086, 21051.121700002113, 21061.29380001221, 21071.43999999971, 21081.568599998718, 21091.68190001219, 21101.790200002142, 21112.034200006747, 21122.160099999746, 21132.325099999434, 21142.48850000149, 21152.67360000871, 21162.824400002137, 21172.93420000351, 21183.28240000119, 21193.449900005362, 21203.57779999904, 21213.698700012174, 21223.846400011098, 21233.966300002066, 21244.07460000657, 21254.201000003377, 21264.31670000602, 21274.43440000934, 21284.591900010128, 21294.869600009406, 21305.010200012475, 21315.168800007086, 21325.344199998653, 21335.49710000807, 21345.623300003354, 21355.726900001173, 21366.17120000301, 21375.098900010926]","NA","Extended template","0","0","0","yes","1024","[0, 0.0, 0.0, 0.0, 0.0, 0.0, 0.0, 0.0, 0.0, 0.0, 0.0, 0.0, 0.0, 0.0, 0.0, 0.0, 0.0, 0.0, 0.0, 0.0, 0.0, 0.0, 0.0, 0.0, 0.0, 0.0, 0.0, 0.0, 0.0, 0.0, 0.0, 0.0, 0.0, 0.0, 0.0, 0.0, 0.0, -4.0, -10.0, -58.0, -82.0, -99.0, -122.0, -175.0, -193.0, -212.0, -228.0, -256.0, -266.0, -268.0, -269.0, -271.0, -271.0, -271.0, -274.0, -276.0, -282.0, -288.0, -309.0, -316.0, -323.0, -330.0, -333.0, -335.0, -335.0, -341.0, -346.0, -349.0, -351.0, -356.0, -356.0, -356.0, -356.0, -356.0]","NA","[0, -0.0, -0.0, -0.0, -0.0, -0.0, -0.0, -0.0, -0.0, -0.0, -0.0, -0.0, -0.0, -0.0, -0.0, -0.0, -0.0, -0.0, -0.0, -0.0, -0.0, -0.0, -0.0, -0.0, -0.0, -0.0, -0.0, -0.0, -0.0, -0.0, -0.0, -0.0, -0.0, -0.0, -0.0, -0.0, -0.0, -0.0, 1.0, 31.0, 47.0, 59.0, 76.0, 123.0, 139.0, 158.0, 174.0, 199.0, 207.0, 210.0, 215.0, 224.0, 232.0, 235.0, 245.0, 251.0, 259.0, 268.0, 288.0, 296.0, 300.0, 303.0, 303.0, 302.0, 301.0, 297.0, 293.0, 290.0, 286.0, 281.0, 281.0, 280.0, 280.0, 280.0]","NA"
"Water","undefined","undefined","undefined","undefined","black","yes","psycho","#00aaff","0","uniform","1","blue_button","NA","undefined","1","NA","blue_button","2","NA","NA","NA","0","0","0","0","0","2","NA","0","2","NA","2","NA","0","2","2","NA","Fri Oct 14 08:51:56 2022","A template containing a practice and an experimental phase","yes","Emotional stroop task.osexp","C:/Users/frede/Documents/Uni/AU/Semester 3/Perception & action/Class/experiment/PercAct/Mousetracking","no","mono","no","18","no","white","no","yes","768","334.83730000443757","334.83730000443757","NA","2","2","0","C:/Users/frede/Documents/Uni/AU/Semester 3/Perception & action/Class/experiment/PercAct/Mousetracking/subject-677.csv","Lentiform Loewenfeld","3.3.12","no","0","blue_button","NA","space","blue_button","NA","655.9235000022454","NA","14464.214599996922","655.9235000022454","NA","2","1024","2","48000","-16","experiment","677","odd","21717.554800008656","NA","NA","NA","19187.503300010576","19187.28880000708","NA","4694.40220000979","19186.562700007926","21504.99710001168","NA","4720.35840000899","22378.35769999947","NA","21717.73070000927","NA","NA","21511.775200007833","21499.26380001125","NA","[21718.815600004746, 21729.080900011468, 21739.269000012428, 21749.484500003746, 21759.66100000369, 21769.806700001936, 21779.99060000002, 21790.098500001477, 21800.202500002342, 21810.316100003547, 21820.447700010845, 21830.602600006387, 21840.717900005984, 21850.82640001201, 21860.967500004335, 21871.218600004795, 21881.43300000229, 21891.54910000798, 21901.68020001147, 21911.837400009972, 21921.9477000006, 21932.061100000283, 21942.288100006408, 21952.436899999157, 21962.558100000024, 21972.653700009687, 21982.757300007506, 21992.86180001218, 22002.9566000012, 22013.075300012133, 22023.2648000092, 22033.43500000483, 22043.552200004342, 22053.652900009183, 22063.766400009627, 22073.96380000864, 22084.09920000122, 22094.23339999921, 22104.357400006847, 22114.508200000273, 22124.64340000588, 22135.464700011653, 22145.66520000517, 22155.782000001636, 22165.934300006484, 22176.227600008133, 22186.340500004007, 22196.47090000217, 22206.686800011084, 22216.84800001094, 22227.088500003447, 22237.203800003044, 22247.31450001127, 22257.4217000074, 22267.542900008266, 22277.66020000854, 22287.77200001059, 22297.93359999894, 22308.057600006578, 22318.17170001159, 22328.296400010004, 22338.403000001563, 22348.551200004295, 22358.789200006868, 22368.989100010367, 22374.73910000699]","NA","Extended template","0","0","0","yes","1024","[0, 0.0, 0.0, 0.0, 0.0, 0.0, 0.0, 0.0, 0.0, 0.0, 0.0, 0.0, 0.0, 0.0, 0.0, 0.0, 0.0, 0.0, 0.0, 0.0, 0.0, 0.0, 0.0, 0.0, 0.0, 0.0, 0.0, 0.0, 0.0, 0.0, 0.0, 0.0, 0.0, 0.0, -2.0, -6.0, -21.0, -34.0, -73.0, -97.0, -130.0, -159.0, -202.0, -216.0, -225.0, -238.0, -242.0, -244.0, -247.0, -252.0, -257.0, -264.0, -273.0, -277.0, -279.0, -280.0, -284.0, -288.0, -297.0, -306.0, -313.0, -317.0, -317.0, -318.0, -319.0, -319.0]","NA","[0, -0.0, -0.0, -0.0, -0.0, -0.0, -0.0, -0.0, -0.0, -0.0, -0.0, -0.0, -0.0, -0.0, -0.0, -0.0, -0.0, -0.0, -0.0, -0.0, -0.0, -0.0, -0.0, -0.0, -0.0, -0.0, -0.0, -0.0, -0.0, -0.0, -0.0, -0.0, -0.0, -0.0, 1.0, 4.0, 14.0, 22.0, 48.0, 62.0, 82.0, 102.0, 138.0, 153.0, 166.0, 186.0, 195.0, 197.0, 200.0, 204.0, 207.0, 210.0, 214.0, 216.0, 217.0, 218.0, 221.0, 223.0, 229.0, 235.0, 241.0, 243.0, 243.0, 244.0, 244.0, 244.0]","NA"
"Mountain","undefined","undefined","undefined","undefined","black","yes","psycho","#00aa00","0","uniform","0","green_mountain","NA","undefined","0","NA","green_mountain","3","NA","NA","NA","0","0","0","0","0","3","NA","0","3","NA","3","NA","0","3","3","NA","Fri Oct 14 08:51:56 2022","A template containing a practice and an experimental phase","yes","Emotional stroop task.osexp","C:/Users/frede/Documents/Uni/AU/Semester 3/Perception & action/Class/experiment/PercAct/Mousetracking","no","mono","no","18","no","white","no","yes","768","345.6612000009045","345.6612000009045","NA","3","3","0","C:/Users/frede/Documents/Uni/AU/Semester 3/Perception & action/Class/experiment/PercAct/Mousetracking/subject-677.csv","Lentiform Loewenfeld","3.3.12","no","0","green_button","NA","space","green_button","NA","839.290499992785","NA","14464.214599996922","839.290499992785","NA","2","1024","2","48000","-16","experiment","677","odd","22717.876599999727","NA","NA","NA","19187.503300010576","19187.28880000708","NA","4694.40220000979","19186.562700007926","22503.33330000285","NA","4720.35840000899","23563.23379999958","NA","22718.0354000011","NA","NA","22512.299599999096","22499.165200002608","NA","[22719.30500000599, 22729.56370000611, 22739.79560000589, 22750.043300009565, 22760.68469999882, 22770.948200006387, 22781.210100001772, 22791.4759000123, 22801.662199999555, 22811.781399999745, 22821.885900004418, 22832.005500007654, 22842.11030000006, 22852.21840000304, 22862.51550000452, 22872.613600004115, 22882.714999999735, 22892.857300001197, 22902.960100007476, 22913.126500003273, 22923.276900008204, 22933.39790000755, 22943.50690000283, 22953.598300009617, 22963.70890000253, 22973.80420000991, 22983.908900001552, 22994.016399999964, 23004.119400007767, 23014.228700005333, 23024.34100001119, 23034.533500002, 23044.638899998972, 23054.737500002375, 23064.966200006893, 23075.07180000539, 23085.193500010064, 23095.32800001034, 23105.445500012138, 23115.587500011316, 23125.753500004066, 23135.994700001902, 23146.152800007258, 23156.27590000804, 23166.39379999833, 23176.582700005383, 23186.845600008382, 23197.08550001087, 23207.216100010555, 23217.4032000039, 23227.57580000325, 23237.739200005308, 23247.857700000168, 23257.957599998917, 23268.17550000851, 23278.27980001166, 23288.381100006518, 23298.520800002734, 23308.694600011222, 23318.81730000896, 23328.94710000255, 23339.06090000528, 23349.202000012156, 23359.440600004746, 23369.593000010354, 23379.695000010543, 23389.964100002544, 23400.134700001217, 23410.242500001914, 23420.343900012085, 23430.459200011683, 23440.607700002147, 23450.79830000759, 23460.97390000068, 23471.2026000052, 23481.370599998627, 23491.814100008924, 23502.04050001048, 23512.2177000012, 23522.34340000723, 23532.49290000531, 23543.030700006057, 23553.281900007278, 23558.595499998773]","NA","Extended template","0","0","0","yes","1024","[0, 0.0, 0.0, 0.0, 0.0, 0.0, 0.0, 0.0, 0.0, 0.0, 0.0, 0.0, 0.0, 0.0, 0.0, 0.0, 0.0, 0.0, 0.0, 0.0, 0.0, 0.0, 0.0, 0.0, 0.0, 0.0, 0.0, 0.0, 0.0, 0.0, 0.0, 0.0, 0.0, 0.0, 0.0, 1.0, 6.0, 17.0, 27.0, 47.0, 82.0, 165.0, 228.0, 294.0, 357.0, 453.0, 492.0, 515.0, 540.0, 542.0, 542.0, 542.0, 542.0, 542.0, 542.0, 542.0, 542.0, 542.0, 543.0, 547.0, 548.0, 549.0, 549.0, 549.0, 549.0, 549.0, 547.0, 541.0, 537.0, 526.0, 521.0, 514.0, 511.0, 508.0, 496.0, 490.0, 483.0, 480.0, 476.0, 475.0, 474.0, 472.0, 468.0, 466.0]","NA","[0, -0.0, -0.0, -0.0, -0.0, -0.0, -0.0, -0.0, -0.0, -0.0, -0.0, -0.0, -0.0, -0.0, -0.0, -0.0, -0.0, -0.0, -0.0, -0.0, -0.0, -0.0, -0.0, -0.0, -0.0, -0.0, -0.0, -0.0, -0.0, -0.0, -0.0, -0.0, -0.0, -0.0, -0.0, 3.0, 10.0, 23.0, 32.0, 46.0, 65.0, 108.0, 136.0, 165.0, 191.0, 230.0, 247.0, 258.0, 269.0, 270.0, 270.0, 270.0, 270.0, 270.0, 270.0, 270.0, 270.0, 270.0, 271.0, 273.0, 274.0, 275.0, 275.0, 275.0, 275.0, 275.0, 275.0, 274.0, 271.0, 266.0, 264.0, 261.0, 259.0, 258.0, 253.0, 252.0, 250.0, 249.0, 247.0, 247.0, 246.0, 245.0, 242.0, 242.0]","NA"
"Slaughter","undefined","undefined","undefined","undefined","black","yes","psycho","#dada00","0","uniform","1","orange_button","NA","undefined","1","NA","orange_button","4","NA","NA","NA","0","0","0","0","0","4","NA","0","4","NA","4","NA","0","4","4","NA","Fri Oct 14 08:51:56 2022","A template containing a practice and an experimental phase","yes","Emotional stroop task.osexp","C:/Users/frede/Documents/Uni/AU/Semester 3/Perception & action/Class/experiment/PercAct/Mousetracking","no","mono","no","18","no","white","no","yes","768","315.04149999818765","315.04149999818765","NA","4","4","0","C:/Users/frede/Documents/Uni/AU/Semester 3/Perception & action/Class/experiment/PercAct/Mousetracking/subject-677.csv","Lentiform Loewenfeld","3.3.12","no","0","orange_button","NA","space","orange_button","NA","711.9306000095094","NA","14464.214599996922","711.9306000095094","NA","2","1024","2","48000","-16","experiment","677","odd","23916.89540000516","NA","NA","NA","19187.503300010576","19187.28880000708","NA","4694.40220000979","19186.562700007926","23692.24610000674","NA","4720.35840000899","24635.325000010198","NA","23917.05630000797","NA","NA","23711.356400002842","23687.80770000012","NA","[23918.777200000477, 23929.12320001051, 23939.28470001265, 23949.58929999848, 23959.865000011632, 23970.00349999871, 23980.111700002453, 23990.214800011017, 24000.309300012304, 24010.48690000607, 24020.68680000957, 24030.894399998942, 24041.070100007346, 24051.410200001555, 24061.677000005147, 24071.881399999256, 24082.02440000605, 24092.126900010044, 24102.237500002957, 24112.33400000492, 24122.44260001171, 24132.53510001232, 24142.71070000541, 24152.87220000755, 24163.007499999367, 24173.100700005307, 24183.21930000093, 24193.339100005687, 24203.44300000579, 24213.546900005895, 24223.647600010736, 24233.818699998665, 24244.10580001131, 24254.25680000626, 24264.39150000806, 24274.497900012648, 24284.610300004715, 24294.72380000516, 24304.908600010094, 24315.038100001402, 24325.154400008614, 24335.29920000001, 24345.409800007474, 24355.57620000327, 24365.937200011103, 24376.513300012448, 24386.756700012484, 24396.965200008708, 24407.09200000856, 24417.220000003, 24427.344100011396, 24437.48659999983, 24447.812400001567, 24458.2320000045, 24468.450300002587, 24478.648700009217, 24489.211600011913, 24499.427200003993, 24509.629300009692, 24519.754799999646, 24529.87800000119, 24539.996799998335, 24550.10750000656, 24560.233700001845, 24570.341099999496, 24580.45829999901, 24590.59520000301, 24600.765100010904, 24610.88400000881, 24620.990399998846, 24630.707800009986]","NA","Extended template","0","0","0","yes","1024","[0, 0.0, 0.0, 0.0, 0.0, 0.0, 0.0, 0.0, 0.0, 0.0, 0.0, 0.0, 0.0, 0.0, 0.0, 0.0, 0.0, 0.0, 0.0, 0.0, 0.0, 0.0, 0.0, 0.0, 0.0, 0.0, 0.0, 0.0, 0.0, 0.0, 0.0, 0.0, 2.0, 13.0, 32.0, 56.0, 89.0, 104.0, 115.0, 144.0, 154.0, 172.0, 182.0, 189.0, 197.0, 208.0, 210.0, 213.0, 215.0, 217.0, 220.0, 221.0, 222.0, 222.0, 223.0, 223.0, 225.0, 228.0, 233.0, 255.0, 270.0, 284.0, 295.0, 314.0, 318.0, 324.0, 329.0, 337.0, 339.0, 339.0, 339.0]","NA","[0, -0.0, -0.0, -0.0, -0.0, -0.0, -0.0, -0.0, -0.0, -0.0, -0.0, -0.0, -0.0, -0.0, -0.0, -0.0, -0.0, -0.0, -0.0, -0.0, -0.0, -0.0, -0.0, -0.0, -0.0, -0.0, -0.0, -0.0, -0.0, -0.0, -0.0, -0.0, -1.0, -7.0, -16.0, -25.0, -43.0, -55.0, -64.0, -95.0, -108.0, -134.0, -148.0, -159.0, -172.0, -189.0, -197.0, -201.0, -209.0, -213.0, -216.0, -218.0, -220.0, -221.0, -221.0, -221.0, -221.0, -221.0, -222.0, -228.0, -233.0, -238.0, -241.0, -249.0, -251.0, -253.0, -255.0, -257.0, -258.0, -258.0, -258.0]","NA"
"Compiling...","undefined","undefined","undefined","undefined","black","yes","psycho","#00aaff","0","uniform","1","blue_button","NA","undefined","1","NA","blue_button","5","NA","NA","NA","0","0","0","0","0","5","NA","0","5","NA","5","NA","0","5","5","NA","Fri Oct 14 08:51:56 2022","A template containing a practice and an experimental phase","yes","Emotional stroop task.osexp","C:/Users/frede/Documents/Uni/AU/Semester 3/Perception & action/Class/experiment/PercAct/Mousetracking","no","mono","no","18","no","white","no","yes","768","751.5107999934116","751.5107999934116","NA","5","5","0","C:/Users/frede/Documents/Uni/AU/Semester 3/Perception & action/Class/experiment/PercAct/Mousetracking/subject-677.csv","Lentiform Loewenfeld","3.3.12","no","0","blue_button","NA","space","blue_button","NA","1069.0984999964712","NA","14464.214599996922","1069.0984999964712","NA","2","1024","2","48000","-16","experiment","677","odd","24984.19920000015","NA","NA","NA","19187.503300010576","19187.28880000708","NA","4694.40220000979","19186.562700007926","24766.16769999964","NA","4720.35840000899","26059.26239999826","NA","24984.359100009897","NA","NA","24778.585400010343","24762.18260001042","NA","[24985.639300008188, 24996.046600004775, 25006.22330000624, 25016.4506000001, 25026.72049999819, 25036.877899998217, 25047.02019999968, 25057.15410000994, 25067.267000005813, 25077.421100009815, 25087.57940000214, 25097.807700003614, 25107.990800010157, 25118.121999999858, 25128.22440000309, 25138.330700006918, 25148.4344000055, 25158.583700002055, 25168.73360000318, 25178.858300001593, 25189.01960000221, 25199.170100007905, 25209.415300007095, 25219.613699999172, 25229.737400004524, 25239.82870001055, 25249.92800000473, 25260.02950000111, 25270.128400006797, 25280.30640000361, 25290.402099999483, 25300.4981999984, 25310.59510000341, 25320.732100008172, 25330.852099999902, 25340.94819999882, 25351.054300001124, 25361.19619999954, 25371.299200007343, 25381.41140001244, 25391.53510000324, 25401.64260000165, 25411.7447000026, 25421.853100007866, 25431.946400000015, 25442.0422000112, 25452.14290000149, 25462.234800012084, 25472.327600000426, 25482.42330001085, 25492.626899998868, 25502.75430000329, 25512.849200007622, 25522.943300005863, 25533.039500005543, 25543.130700010806, 25553.225499999826, 25563.325499999337, 25573.422400004347, 25583.520200001658, 25593.713300011586, 25603.816100003314, 25613.917300011963, 25624.01050000335, 25634.115000008023, 25644.211300008465, 25654.304600000614, 25664.458100000047, 25674.632400012342, 25684.7967000067, 25694.9217000074, 25705.139099998632, 25715.266400002292, 25726.286900011473, 25737.1501000016, 25747.425100009423, 25757.634900000994, 25767.83599999908, 25777.982300001895, 25788.098500008346, 25798.21520000405, 25808.3750000078, 25818.52900001104, 25828.665000008186, 25838.93930001068, 25849.082500004442, 25859.270300003118, 25869.383500001277, 25879.531400001724, 25889.63920000242, 25899.761600012425, 25909.888900001533, 25919.9951000046, 25930.105899999035, 25940.20550001005, 25950.32390000415, 25960.511600002064, 25970.623900007922, 25980.7540000038, 25990.873600007035, 26000.991100008832, 26011.1057000031, 26021.46150000044, 26031.613600003766, 26041.7279000103, 26051.826900002197, 26054.73780000466]","NA","Extended template","0","0","0","yes","1024","[0, 0.0, 0.0, 0.0, 0.0, 0.0, 0.0, 0.0, 0.0, 0.0, 0.0, 0.0, 0.0, 0.0, 0.0, 0.0, 0.0, 0.0, 0.0, 0.0, 0.0, 0.0, 0.0, 0.0, 0.0, 0.0, 0.0, 0.0, 0.0, 0.0, 0.0, 0.0, 0.0, 0.0, 0.0, 0.0, 0.0, 0.0, 0.0, 0.0, 0.0, 0.0, 0.0, 0.0, 0.0, 0.0, 0.0, 0.0, 0.0, 0.0, 0.0, 0.0, 0.0, 0.0, 0.0, 0.0, 0.0, 0.0, 0.0, 0.0, 0.0, 0.0, 0.0, 0.0, 0.0, 0.0, 0.0, 0.0, 0.0, 0.0, 0.0, 0.0, 0.0, 0.0, 0.0, -3.0, -8.0, -17.0, -45.0, -60.0, -73.0, -105.0, -120.0, -139.0, -154.0, -187.0, -196.0, -205.0, -222.0, -229.0, -232.0, -237.0, -250.0, -253.0, -258.0, -265.0, -271.0, -276.0, -282.0, -294.0, -303.0, -311.0, -314.0, -317.0, -317.0, -317.0, -317.0]","NA","[0, -0.0, -0.0, -0.0, -0.0, -0.0, -0.0, -0.0, -0.0, -0.0, -0.0, -0.0, -0.0, -0.0, -0.0, -0.0, -0.0, -0.0, -0.0, -0.0, -0.0, -0.0, -0.0, -0.0, -0.0, -0.0, -0.0, -0.0, -0.0, -0.0, -0.0, -0.0, -0.0, -0.0, -0.0, -0.0, -0.0, -0.0, -0.0, -0.0, -0.0, -0.0, -0.0, -0.0, -0.0, -0.0, -0.0, -0.0, -0.0, -0.0, -0.0, -0.0, -0.0, -0.0, -0.0, -0.0, -0.0, -0.0, -0.0, -0.0, -0.0, -0.0, -0.0, -0.0, -0.0, -0.0, -0.0, -0.0, -0.0, -0.0, -0.0, -0.0, -0.0, -0.0, -0.0, 4.0, 8.0, 15.0, 35.0, 47.0, 56.0, 78.0, 88.0, 100.0, 110.0, 132.0, 140.0, 148.0, 161.0, 167.0, 170.0, 174.0, 183.0, 185.0, 187.0, 190.0, 192.0, 193.0, 193.0, 193.0, 195.0, 195.0, 196.0, 197.0, 197.0, 197.0, 197.0]","NA"
"Abortion","undefined","undefined","undefined","undefined","black","yes","psycho","#00aa00","0","uniform","1","green_button","NA","undefined","1","NA","green_button","6","NA","NA","NA","0","0","0","0","0","6","NA","0","6","NA","6","NA","0","6","6","NA","Fri Oct 14 08:51:56 2022","A template containing a practice and an experimental phase","yes","Emotional stroop task.osexp","C:/Users/frede/Documents/Uni/AU/Semester 3/Perception & action/Class/experiment/PercAct/Mousetracking","no","mono","no","18","no","white","no","yes","768","334.7907999996096","334.7907999996096","NA","6","6","0","C:/Users/frede/Documents/Uni/AU/Semester 3/Perception & action/Class/experiment/PercAct/Mousetracking/subject-677.csv","Lentiform Loewenfeld","3.3.12","no","0","green_button","NA","space","green_button","NA","738.1923000066308","NA","14464.214599996922","738.1923000066308","NA","2","1024","2","48000","-16","experiment","677","odd","26419.159400000353","NA","NA","NA","19187.503300010576","19187.28880000708","NA","4694.40220000979","19186.562700007926","26192.622400005348","NA","4720.35840000899","27163.530000005267","NA","26419.332200006465","NA","NA","26213.589000006323","26187.08620000689","NA","[26420.54680000001, 26430.856600010884, 26441.02589999966, 26451.284399998258, 26461.49250000599, 26471.609100000933, 26481.716499998583, 26492.052300003706, 26502.215200001956, 26512.336600004346, 26522.441699999035, 26532.588900008705, 26542.746000006446, 26552.848100007395, 26562.956100009615, 26573.073100007605, 26583.178900007624, 26593.293800004176, 26603.409000003012, 26613.521899998887, 26623.618800003896, 26633.722700004, 26643.82260000275, 26653.92630000133, 26664.153999998234, 26674.321500002407, 26684.43059999845, 26694.539600008284, 26704.6846000012, 26714.83779999835, 26724.956000005477, 26735.05890001252, 26745.211100002052, 26755.33759999962, 26765.46400001098, 26775.637600003392, 26785.794700001134, 26795.909300009953, 26806.016800008365, 26816.134600012447, 26826.250300000538, 26836.357400010456, 26846.471400000155, 26856.63390000991, 26866.775200003758, 26876.900100003695, 26887.059800006682, 26897.193199998583, 26907.305200002156, 26917.416299998877, 26927.539299998898, 26937.640500007547, 26947.753800006467, 26957.907800009707, 26968.078800011426, 26978.1939000095, 26988.295600007405, 26998.413300010725, 27008.52410000516, 27018.634100008057, 27028.769299999112, 27038.894400000572, 27049.00530001032, 27059.2733000085, 27069.422700005816, 27079.54299999983, 27089.668500004336, 27099.790699998266, 27109.914300002856, 27120.026700009475, 27130.329999999958, 27140.428700004122, 27150.53360001184, 27158.739100006642]","NA","Extended template","0","0","0","yes","1024","[0, 0.0, 0.0, 0.0, 0.0, 0.0, 0.0, 0.0, 0.0, 0.0, 0.0, 0.0, 0.0, 0.0, 0.0, 0.0, 0.0, 0.0, 0.0, 0.0, 0.0, 0.0, 0.0, 0.0, 0.0, 0.0, 0.0, 0.0, 0.0, 0.0, 0.0, 0.0, 0.0, 0.0, 6.0, 20.0, 31.0, 46.0, 63.0, 107.0, 133.0, 148.0, 168.0, 194.0, 207.0, 219.0, 242.0, 251.0, 254.0, 259.0, 264.0, 265.0, 265.0, 265.0, 266.0, 267.0, 269.0, 273.0, 283.0, 286.0, 289.0, 292.0, 294.0, 297.0, 301.0, 310.0, 323.0, 350.0, 363.0, 373.0, 373.0, 373.0, 373.0, 373.0]","NA","[0, -0.0, -0.0, -0.0, -0.0, -0.0, -0.0, -0.0, -0.0, -0.0, -0.0, -0.0, -0.0, -0.0, -0.0, -0.0, -0.0, -0.0, -0.0, -0.0, -0.0, -0.0, -0.0, -0.0, -0.0, -0.0, -0.0, -0.0, -0.0, -0.0, -0.0, -0.0, -0.0, -0.0, 3.0, 12.0, 19.0, 31.0, 45.0, 81.0, 102.0, 114.0, 129.0, 146.0, 153.0, 157.0, 164.0, 165.0, 165.0, 164.0, 162.0, 162.0, 162.0, 162.0, 161.0, 161.0, 161.0, 161.0, 161.0, 162.0, 162.0, 163.0, 164.0, 167.0, 171.0, 178.0, 186.0, 204.0, 212.0, 217.0, 217.0, 217.0, 217.0, 217.0]","NA"
"Portfolio","undefined","undefined","undefined","undefined","black","yes","psycho","#00aa00","0","uniform","1","green_button","NA","undefined","1","NA","green_button","7","NA","NA","NA","0","0","0","0","0","7","NA","0","7","NA","7","NA","0","7","7","NA","Fri Oct 14 08:51:56 2022","A template containing a practice and an experimental phase","yes","Emotional stroop task.osexp","C:/Users/frede/Documents/Uni/AU/Semester 3/Perception & action/Class/experiment/PercAct/Mousetracking","no","mono","no","18","no","white","no","yes","768","347.40709999459796","347.40709999459796","NA","7","7","0","C:/Users/frede/Documents/Uni/AU/Semester 3/Perception & action/Class/experiment/PercAct/Mousetracking/subject-677.csv","Lentiform Loewenfeld","3.3.12","no","0","green_button","NA","space","green_button","NA","654.2520000075456","NA","14464.214599996922","654.2520000075456","NA","2","1024","2","48000","-16","experiment","677","odd","27518.62090000941","NA","NA","NA","19187.503300010576","19187.28880000708","NA","4694.40220000979","19186.562700007926","27291.87030000321","NA","4720.35840000899","28178.767400007928","NA","27518.975800005137","NA","NA","27311.19849999959","27286.114900009125","NA","[27520.569500004058, 27531.113700009882, 27541.31650000636, 27551.50549999962, 27561.76090000372, 27572.180800008937, 27582.56280000205, 27592.76490000775, 27602.94170000998, 27613.12270000053, 27623.28189999971, 27633.47430000431, 27643.61880000797, 27653.733800005284, 27663.908100003027, 27674.038199998904, 27684.22609999834, 27694.390900011058, 27704.53040000575, 27714.656500000274, 27724.770000000717, 27734.890300009283, 27745.032000006177, 27755.173199999263, 27765.360600009444, 27775.468500010902, 27785.577000002377, 27795.681900010095, 27805.78439999954, 27815.88810001267, 27826.23560000502, 27836.798900010763, 27847.332100005588, 27857.582299999194, 27867.976599998656, 27878.422400011914, 27888.795200007735, 27899.366500001634, 27909.601200008183, 27919.823800009908, 27930.039300001226, 27940.34040000406, 27950.714700011304, 27960.912400012603, 27971.24650000478, 27981.498699999065, 27991.626700008055, 28001.783800005796, 28012.1952000045, 28022.692800004734, 28033.016600005794, 28043.235200006166, 28053.430700005265, 28063.54740000097, 28073.64110001072, 28083.737300010398, 28093.83670000534, 28103.99060000782, 28114.150900000823, 28124.255300004734, 28134.38970000425, 28144.581800006563, 28154.67329999956, 28164.778800011845, 28174.821500011603]","NA","Extended template","0","0","0","yes","1024","[0, 0.0, 0.0, 0.0, 0.0, 0.0, 0.0, 0.0, 0.0, 0.0, 0.0, 0.0, 0.0, 0.0, 0.0, 0.0, 0.0, 0.0, 0.0, 0.0, 0.0, 0.0, 0.0, 0.0, 0.0, 0.0, 0.0, 0.0, 0.0, 0.0, 0.0, 0.0, 0.0, 0.0, 0.0, 3.0, 11.0, 22.0, 31.0, 73.0, 102.0, 139.0, 179.0, 260.0, 288.0, 309.0, 330.0, 331.0, 331.0, 331.0, 327.0, 325.0, 324.0, 324.0, 324.0, 324.0, 324.0, 324.0, 325.0, 326.0, 327.0, 328.0, 328.0, 328.0, 328.0]","NA","[0, -0.0, -0.0, -0.0, -0.0, -0.0, -0.0, -0.0, -0.0, -0.0, -0.0, -0.0, -0.0, -0.0, -0.0, -0.0, -0.0, -0.0, -0.0, -0.0, -0.0, -0.0, -0.0, -0.0, -0.0, -0.0, -0.0, -0.0, -0.0, -0.0, -0.0, -0.0, -0.0, -0.0, -0.0, -0.0, 9.0, 18.0, 26.0, 55.0, 75.0, 100.0, 125.0, 175.0, 193.0, 206.0, 220.0, 221.0, 221.0, 221.0, 221.0, 220.0, 219.0, 219.0, 219.0, 219.0, 219.0, 218.0, 218.0, 218.0, 217.0, 217.0, 217.0, 217.0, 217.0]","NA"
"Finger","undefined","undefined","undefined","undefined","black","yes","psycho","#00aa00","0","uniform","1","green_button","NA","undefined","1","NA","green_button","8","NA","NA","NA","0","0","0","0","0","8","NA","0","8","NA","8","NA","0","8","8","NA","Fri Oct 14 08:51:56 2022","A template containing a practice and an experimental phase","yes","Emotional stroop task.osexp","C:/Users/frede/Documents/Uni/AU/Semester 3/Perception & action/Class/experiment/PercAct/Mousetracking","no","mono","no","18","no","white","no","yes","768","325.21819999965373","325.21819999965373","NA","8","8","0","C:/Users/frede/Documents/Uni/AU/Semester 3/Perception & action/Class/experiment/PercAct/Mousetracking/subject-677.csv","Lentiform Loewenfeld","3.3.12","no","0","green_button","NA","space","green_button","NA","726.6908000019612","NA","14464.214599996922","726.6908000019612","NA","2","1024","2","48000","-16","experiment","677","odd","28534.62930000387","NA","NA","NA","19187.503300010576","19187.28880000708","NA","4694.40220000979","19186.562700007926","28318.038900004467","NA","4720.35840000899","29265.932900001644","NA","28534.767200006172","NA","NA","28328.628100003698","28312.53480000305","NA","[28535.996300008264, 28546.440200007055, 28556.559400007245, 28566.684600009467, 28576.851000005263, 28587.0627000113, 28597.169400003622, 28607.26920000161, 28617.410100006964, 28627.556700012065, 28637.661200002185, 28647.762699998566, 28657.86880000087, 28667.977700009942, 28678.088800006662, 28688.191799999913, 28698.29580000078, 28708.39369999885, 28718.49350001139, 28728.593899999396, 28738.724700000603, 28748.886300003505, 28759.03780000226, 28769.570300006308, 28780.15750000486, 28790.313400008017, 28800.476200005505, 28810.59950000781, 28820.7134000113, 28830.845400007092, 28840.94730000652, 28851.063200010685, 28861.214500007918, 28871.345200008363, 28881.53020000027, 28891.668100011884, 28901.793100012583, 28911.93650000787, 28922.05890000332, 28932.170800006134, 28942.37119999889, 28952.56090001203, 28962.684900005115, 28972.80010000395, 28983.023300010245, 28993.164700004854, 29003.267899999628, 29013.37690000946, 29023.488800012274, 29033.591300001717, 29043.69360000419, 29053.79510000057, 29063.892800011672, 29073.9978000056, 29084.109200004605, 29094.220900005894, 29104.322300001513, 29114.44570000458, 29124.57610000274, 29134.687300000223, 29144.814100000076, 29155.024400010007, 29165.140500001144, 29175.258800009033, 29185.375300003216, 29195.55790000595, 29205.68820000335, 29215.80950000498, 29226.126200010185, 29236.342600008356, 29246.50079999992, 29256.68730000325, 29262.687100010226]","NA","Extended template","0","0","0","yes","1024","[0, 0.0, 0.0, 0.0, 0.0, 0.0, 0.0, 0.0, 0.0, 0.0, 0.0, 0.0, 0.0, 0.0, 0.0, 0.0, 0.0, 0.0, 0.0, 0.0, 0.0, 0.0, 0.0, 0.0, 0.0, 0.0, 0.0, 0.0, 0.0, 0.0, 0.0, 0.0, 0.0, 10.0, 27.0, 60.0, 85.0, 114.0, 142.0, 189.0, 202.0, 234.0, 245.0, 253.0, 254.0, 254.0, 254.0, 254.0, 254.0, 254.0, 254.0, 254.0, 254.0, 254.0, 254.0, 254.0, 254.0, 255.0, 259.0, 262.0, 267.0, 273.0, 279.0, 292.0, 305.0, 317.0, 334.0, 349.0, 349.0, 349.0, 349.0, 349.0, 348.0]","NA","[0, -0.0, -0.0, -0.0, -0.0, -0.0, -0.0, -0.0, -0.0, -0.0, -0.0, -0.0, -0.0, -0.0, -0.0, -0.0, -0.0, -0.0, -0.0, -0.0, -0.0, -0.0, -0.0, -0.0, -0.0, -0.0, -0.0, -0.0, -0.0, -0.0, -0.0, -0.0, -0.0, 10.0, 27.0, 53.0, 72.0, 89.0, 106.0, 134.0, 142.0, 159.0, 165.0, 170.0, 170.0, 170.0, 170.0, 170.0, 170.0, 170.0, 170.0, 170.0, 170.0, 170.0, 170.0, 170.0, 170.0, 170.0, 171.0, 172.0, 172.0, 174.0, 175.0, 178.0, 181.0, 184.0, 187.0, 191.0, 191.0, 191.0, 191.0, 191.0, 191.0]","NA"
"Bagel","undefined","undefined","undefined","undefined","black","yes","psycho","#dada00","0","uniform","1","orange_button","NA","undefined","1","NA","orange_button","9","NA","NA","NA","0","0","0","0","0","9","NA","0","9","NA","9","NA","0","9","9","NA","Fri Oct 14 08:51:56 2022","A template containing a practice and an experimental phase","yes","Emotional stroop task.osexp","C:/Users/frede/Documents/Uni/AU/Semester 3/Perception & action/Class/experiment/PercAct/Mousetracking","no","mono","no","18","no","white","no","yes","768","30.46389999508392","30.46389999508392","NA","9","9","0","C:/Users/frede/Documents/Uni/AU/Semester 3/Perception & action/Class/experiment/PercAct/Mousetracking/subject-677.csv","Lentiform Loewenfeld","3.3.12","no","0","orange_button","NA","space","orange_button","NA","626.6451999981655","NA","14464.214599996922","626.6451999981655","NA","2","1024","2","48000","-16","experiment","677","odd","29566.688700011582","NA","NA","NA","19187.503300010576","19187.28880000708","NA","4694.40220000979","19186.562700007926","29352.760000008857","NA","4720.35840000899","30198.31580000755","NA","29566.853700001957","NA","NA","29361.350500010303","29348.389100006898","NA","[29568.135200010147, 29578.369399998337, 29588.486900000134, 29598.59910000523, 29608.72850001033, 29618.86860000959, 29629.00260000606, 29639.095500009716, 29649.21139999933, 29659.349400011706, 29669.44830000284, 29679.54370001098, 29689.648900006432, 29699.808900011703, 29709.97900000657, 29720.215000008466, 29730.446100002155, 29740.628800005652, 29750.780100002885, 29760.88110001001, 29770.98700001079, 29781.091000011656, 29791.24479999882, 29801.373200010858, 29811.475900001824, 29821.571699998458, 29831.793700010167, 29841.90730001137, 29852.073300004122, 29862.22429999907, 29872.36860000121, 29882.539900005213, 29892.8384000028, 29903.360000011162, 29913.599000006798, 29923.72720000276, 29933.919300005073, 29944.07910000882, 29954.19000000402, 29964.30040000996, 29974.411600007443, 29984.522200000356, 29994.664500001818, 30004.78440000734, 30014.89940000465, 30025.001200003317, 30035.107700008666, 30045.220400003018, 30055.331399998977, 30065.502400000696, 30075.64260000072, 30085.833800010732, 30095.96020000754, 30106.076800002484, 30116.20670001139, 30126.32450000092, 30136.43100000627, 30146.534200001042, 30156.64050000487, 30166.74410000269, 30176.853600001778, 30186.949599999934, 30194.780400008312]","NA","Extended template","0","0","0","yes","1024","[0, 0.0, 0.0, 0.0, -1.0, -1.0, -1.0, -1.0, -1.0, -1.0, -1.0, -1.0, -1.0, -1.0, -1.0, -1.0, -1.0, -1.0, -1.0, -1.0, -1.0, -1.0, -1.0, -1.0, -1.0, -1.0, -1.0, -1.0, -1.0, 1.0, 13.0, 28.0, 45.0, 82.0, 101.0, 116.0, 132.0, 156.0, 166.0, 174.0, 181.0, 200.0, 210.0, 221.0, 237.0, 248.0, 259.0, 272.0, 285.0, 299.0, 317.0, 325.0, 330.0, 331.0, 332.0, 332.0, 332.0, 332.0, 332.0, 332.0, 332.0, 332.0, 332.0]","NA","[0, -0.0, -0.0, -0.0, -0.0, -0.0, -0.0, -0.0, -0.0, -0.0, -0.0, -0.0, -0.0, -0.0, -0.0, -0.0, -0.0, -0.0, -0.0, -0.0, -0.0, -0.0, -0.0, -0.0, -0.0, -0.0, -0.0, -0.0, -0.0, -1.0, -10.0, -20.0, -34.0, -64.0, -84.0, -99.0, -117.0, -153.0, -170.0, -184.0, -197.0, -223.0, -233.0, -242.0, -256.0, -263.0, -271.0, -279.0, -286.0, -292.0, -303.0, -308.0, -316.0, -319.0, -322.0, -322.0, -322.0, -322.0, -322.0, -322.0, -322.0, -322.0, -322.0]","NA"
"Death","undefined","undefined","undefined","undefined","black","yes","psycho","#aa007f","0","uniform","1","violet_button","NA","undefined","1","NA","violet_button","10","NA","NA","NA","0","0","0","0","0","10","NA","0","10","NA","10","NA","0","10","10","NA","Fri Oct 14 08:51:56 2022","A template containing a practice and an experimental phase","yes","Emotional stroop task.osexp","C:/Users/frede/Documents/Uni/AU/Semester 3/Perception & action/Class/experiment/PercAct/Mousetracking","no","mono","no","18","no","white","no","yes","768","459.5944999891799","459.5944999891799","NA","10","10","0","C:/Users/frede/Documents/Uni/AU/Semester 3/Perception & action/Class/experiment/PercAct/Mousetracking/subject-677.csv","Lentiform Loewenfeld","3.3.12","no","0","violet_button","NA","space","violet_button","NA","799.307499997667","NA","14464.214599996922","799.307499997667","NA","2","1024","2","48000","-16","experiment","677","odd","30550.504200000432","NA","NA","NA","19187.503300010576","19187.28880000708","NA","4694.40220000979","19186.562700007926","30338.470000002417","NA","4720.35840000899","31354.750900005456","NA","30550.640700006625","NA","NA","30345.041400010814","30331.72650000779","NA","[30551.667300009285, 30561.885600007372, 30572.01960000384, 30582.130300012068, 30592.224100008025, 30602.32299999916, 30612.4259000062, 30622.517399999197, 30632.607600011397, 30642.714700006763, 30653.081000011298, 30663.25160000997, 30673.416900011944, 30683.691900005215, 30693.919400000595, 30704.152600010275, 30714.30720000353, 30724.40840001218, 30734.510100010084, 30745.00640000042, 30755.119300010847, 30765.232400008244, 30775.39420001267, 30786.18799999822, 30796.43520001264, 30806.7643000104, 30817.02519999817, 30827.183200002764, 30837.290800001938, 30847.42580000602, 30857.535500006634, 30867.64910000784, 30877.81050000922, 30887.916100007715, 30898.324599998887, 30908.815700007835, 30919.20140000002, 30929.626299999654, 30939.890900001046, 30950.142600006075, 30960.37860000797, 30970.568600008846, 30980.699500010815, 30990.799600011087, 31000.9732000035, 31011.261799998465, 31021.54149999842, 31031.797500007087, 31041.945500008296, 31052.06570000155, 31062.271500006318, 31072.610100003658, 31082.95180001005, 31093.17100000044, 31103.312000006554, 31113.419500004966, 31123.60780000745, 31133.80340000731, 31144.042300002184, 31154.271999999764, 31164.454000012483, 31174.57370000193, 31184.699900011765, 31194.836200011196, 31204.984299998614, 31215.10460000718, 31225.28379999858, 31235.465800011298, 31245.648600001005, 31255.877500007045, 31266.05180000479, 31276.17110000574, 31286.29980000551, 31296.4318000013, 31306.554900002084, 31316.735000000335, 31326.992800008156, 31337.146999998367, 31347.321599998395, 31350.974800006952]","NA","Extended template","0","0","0","yes","1024","[0, 0.0, 0.0, 0.0, 0.0, 0.0, 0.0, 0.0, 0.0, 0.0, 0.0, 0.0, 0.0, 0.0, 0.0, 0.0, 0.0, 0.0, 0.0, 0.0, 0.0, 0.0, 0.0, 0.0, 0.0, 0.0, 0.0, 0.0, 0.0, 0.0, 0.0, 0.0, 0.0, 0.0, 0.0, 0.0, 0.0, 0.0, 0.0, 0.0, 0.0, 0.0, 0.0, 0.0, 0.0, 0.0, 0.0, -16.0, -22.0, -31.0, -50.0, -79.0, -92.0, -104.0, -131.0, -131.0, -158.0, -172.0, -185.0, -196.0, -205.0, -211.0, -228.0, -239.0, -247.0, -261.0, -267.0, -273.0, -279.0, -292.0, -300.0, -307.0, -319.0, -330.0, -338.0, -339.0, -339.0, -339.0, -339.0, -339.0]","NA","[0, -0.0, -0.0, -0.0, -0.0, -0.0, -0.0, -0.0, -0.0, -0.0, -0.0, -0.0, -0.0, -0.0, -0.0, -0.0, -0.0, -0.0, -0.0, -0.0, -0.0, -0.0, -0.0, -0.0, -0.0, -0.0, -0.0, -0.0, -0.0, -0.0, -0.0, -0.0, -0.0, -0.0, -0.0, -0.0, -0.0, -0.0, -0.0, -0.0, -0.0, -0.0, -0.0, -0.0, -0.0, -0.0, -1.0, -10.0, -12.0, -15.0, -24.0, -37.0, -41.0, -44.0, -52.0, -52.0, -62.0, -67.0, -71.0, -78.0, -87.0, -94.0, -116.0, -127.0, -135.0, -149.0, -157.0, -164.0, -171.0, -187.0, -197.0, -206.0, -217.0, -227.0, -235.0, -236.0, -236.0, -237.0, -237.0, -237.0]","NA"
"Glasses","undefined","undefined","undefined","undefined","black","yes","psycho","#dada00","0","uniform","1","orange_button","NA","undefined","1","NA","orange_button","11","NA","NA","NA","0","0","0","0","0","11","NA","0","11","NA","11","NA","0","11","11","NA","Fri Oct 14 08:51:56 2022","A template containing a practice and an experimental phase","yes","Emotional stroop task.osexp","C:/Users/frede/Documents/Uni/AU/Semester 3/Perception & action/Class/experiment/PercAct/Mousetracking","no","mono","no","18","no","white","no","yes","768","436.08929999754764","436.08929999754764","NA","11","11","0","C:/Users/frede/Documents/Uni/AU/Semester 3/Perception & action/Class/experiment/PercAct/Mousetracking/subject-677.csv","Lentiform Loewenfeld","3.3.12","no","0","orange_button","NA","space","orange_button","NA","1162.981999994372","NA","14464.214599996922","1162.981999994372","NA","2","1024","2","48000","-16","experiment","677","odd","31650.335400001495","NA","NA","NA","19187.503300010576","19187.28880000708","NA","4694.40220000979","19186.562700007926","31439.68070000119","NA","4720.35840000899","32818.02590000734","NA","31650.522299998556","NA","NA","31444.83060001221","31435.068200007663","NA","[31651.749000011478, 31661.98119999899, 31672.10989999876, 31682.216700006393, 31692.341900008614, 31702.449500007788, 31712.643400009256, 31722.756800008938, 31732.859399999143, 31743.005399999674, 31753.107700002147, 31763.330000001588, 31773.457000002963, 31783.571000007214, 31793.76700001012, 31803.942700003972, 31814.093100008904, 31824.258500011638, 31834.438800011412, 31844.613900000695, 31854.810900011216, 31864.978900004644, 31875.103200000012, 31885.22440000088, 31895.415000006324, 31905.55310000491, 31915.766100006294, 31926.01970001124, 31936.24429999909, 31946.38490000216, 31956.49690000573, 31966.59979999822, 31976.69500000484, 31986.817000011797, 31996.91200000234, 32007.025800005067, 32017.125500002294, 32027.224800011027, 32037.314400004107, 32047.40330000641, 32057.503100004396, 32067.60249999934, 32077.704499999527, 32087.838300009025, 32098.003500010236, 32108.17420000967, 32118.359900006908, 32128.582800010918, 32138.787300005788, 32148.93320000556, 32159.223399998154, 32169.374300006893, 32179.53320000379, 32189.65250000474, 32199.84960000147, 32210.084600010305, 32220.356600009836, 32230.557100003352, 32240.86360000365, 32251.093500002753, 32261.283900006674, 32271.40420000069, 32281.51549999893, 32291.62930000166, 32301.737700006925, 32311.872300007963, 32322.035500008496, 32332.16450001055, 32342.333600012353, 32352.4696000095, 32362.58220000309, 32373.337199998787, 32383.59589999891, 32393.75280000968, 32403.93730001233, 32414.130100005423, 32424.262700005784, 32435.32889999915, 32445.855300000403, 32456.198300002143, 32466.35580000293, 32476.493300011498, 32486.66960000992, 32496.85280000267, 32506.955900011235, 32517.05910000601, 32527.191300003324, 32537.288100007572, 32547.396300011314, 32557.500900002196, 32567.748400004348, 32577.93810000294, 32588.1478000083, 32598.38640000089, 32608.536200001254, 32618.683699998655, 32628.99350000953, 32639.15370000177, 32649.28100000543, 32659.92720000213, 32670.097700000042, 32680.267500007176, 32690.492000008817, 32700.724400012405, 32710.99890000187, 32721.223200001987, 32731.513300008373, 32741.73960000917, 32751.900800009025, 32762.040200002957, 32772.15660001093, 32782.26839999843, 32792.524300006335, 32802.63150000246, 32812.732900012634, 32814.73100000585]","NA","Extended template","0","0","0","yes","1024","[0, 0.0, 0.0, 0.0, 0.0, 0.0, 0.0, 0.0, 0.0, 0.0, 0.0, 0.0, 0.0, 0.0, 0.0, 0.0, 0.0, 0.0, 0.0, 0.0, 0.0, 0.0, 0.0, 0.0, 0.0, 0.0, 0.0, 0.0, 0.0, 0.0, 0.0, 0.0, 0.0, 0.0, 0.0, 0.0, 0.0, 0.0, 0.0, 0.0, 0.0, 0.0, 0.0, 0.0, 0.0, 0.0, 0.0, 3.0, 5.0, 9.0, 18.0, 24.0, 31.0, 39.0, 58.0, 71.0, 82.0, 85.0, 86.0, 86.0, 86.0, 86.0, 87.0, 89.0, 91.0, 99.0, 99.0, 100.0, 100.0, 94.0, 90.0, 84.0, 74.0, 66.0, 56.0, 40.0, 1.0, -26.0, -49.0, -94.0, -112.0, -128.0, -140.0, -143.0, -143.0, -143.0, -137.0, -131.0, -122.0, -100.0, -28.0, 18.0, 68.0, 120.0, 224.0, 271.0, 311.0, 358.0, 358.0, 378.0, 388.0, 401.0, 409.0, 412.0, 415.0, 423.0, 428.0, 436.0, 447.0, 449.0, 449.0, 450.0, 450.0, 450.0, 450.0, 450.0]","NA","[0, -0.0, -0.0, -0.0, -0.0, -0.0, -0.0, -0.0, -0.0, -0.0, -0.0, -0.0, -0.0, -0.0, -0.0, -0.0, -0.0, -0.0, -0.0, -0.0, -0.0, -0.0, -0.0, -0.0, -0.0, -0.0, -0.0, -0.0, -0.0, -0.0, -0.0, -0.0, -0.0, -0.0, -0.0, -0.0, -0.0, -0.0, -0.0, -0.0, -0.0, -0.0, -0.0, -0.0, 2.0, 2.0, 3.0, 6.0, 9.0, 14.0, 26.0, 33.0, 42.0, 49.0, 70.0, 81.0, 91.0, 94.0, 94.0, 94.0, 94.0, 94.0, 94.0, 94.0, 95.0, 98.0, 98.0, 98.0, 98.0, 100.0, 100.0, 101.0, 101.0, 101.0, 102.0, 106.0, 112.0, 116.0, 120.0, 123.0, 123.0, 123.0, 123.0, 123.0, 123.0, 123.0, 117.0, 110.0, 99.0, 78.0, 18.0, -20.0, -59.0, -95.0, -152.0, -176.0, -198.0, -232.0, -232.0, -255.0, -266.0, -282.0, -289.0, -293.0, -293.0, -296.0, -296.0, -298.0, -300.0, -301.0, -301.0, -301.0, -301.0, -301.0, -301.0, -301.0]","NA"
"Chair","undefined","undefined","undefined","undefined","black","yes","psycho","#aa007f","0","uniform","1","violet_button","NA","undefined","1","NA","violet_button","12","NA","NA","NA","0","0","0","0","0","12","NA","0","12","NA","12","NA","0","12","12","NA","Fri Oct 14 08:51:56 2022","A template containing a practice and an experimental phase","yes","Emotional stroop task.osexp","C:/Users/frede/Documents/Uni/AU/Semester 3/Perception & action/Class/experiment/PercAct/Mousetracking","no","mono","no","18","no","white","no","yes","768","285.1832999876933","285.1832999876933","NA","12","12","0","C:/Users/frede/Documents/Uni/AU/Semester 3/Perception & action/Class/experiment/PercAct/Mousetracking/subject-677.csv","Lentiform Loewenfeld","3.3.12","no","0","violet_button","NA","space","violet_button","NA","720.2391999890096","NA","14464.214599996922","720.2391999890096","NA","2","1024","2","48000","-16","experiment","677","odd","33117.09470000642","NA","NA","NA","19187.503300010576","19187.28880000708","NA","4694.40220000979","19186.562700007926","32902.09540000069","NA","4720.35840000899","33841.65680001024","NA","33117.28960000619","NA","NA","32911.60460001265","32896.21700000134","NA","[33118.515200010734, 33129.21920001099, 33139.44990000164, 33149.672700004885, 33159.96340000129, 33170.16990001139, 33180.30659999931, 33190.41900000593, 33200.52759999817, 33210.62240000174, 33220.72450000269, 33230.82430000068, 33240.97500000789, 33251.18760000623, 33261.52280000679, 33271.938900012174, 33282.156100001885, 33292.316100007156, 33302.44540001149, 33312.56580000627, 33322.664700011956, 33332.77860000089, 33342.883100005565, 33352.98870000406, 33363.09290000645, 33373.23370001104, 33383.34630000463, 33393.52370001143, 33403.69849999843, 33413.83850001148, 33423.97480001091, 33434.52520000574, 33444.66430001194, 33454.844200008665, 33464.95730000606, 33475.23210001236, 33485.650900009205, 33495.896200009156, 33506.0983000003, 33516.31940000516, 33526.5214000101, 33536.6980000108, 33546.898300002795, 33557.12040000071, 33567.32880001073, 33577.48520000314, 33587.61760000198, 33597.73940000741, 33607.85490000853, 33617.967700003646, 33628.12649999978, 33638.24440000462, 33648.358500009635, 33658.53230000357, 33668.673200008925, 33679.04260000796, 33689.21200001205, 33699.44789999863, 33709.71660000214, 33719.954200001666, 33730.19610000483, 33740.40780001087, 33750.54700000328, 33760.99090000207, 33771.14940001047, 33781.29280000576, 33791.434800004936, 33801.56669999997, 33811.69729999965, 33821.825600010925, 33831.98130001256, 33838.75439999974]","NA","Extended template","0","0","0","yes","1024","[0, 0.0, 0.0, 0.0, 0.0, 0.0, 0.0, 0.0, 0.0, 0.0, 0.0, 0.0, 0.0, 0.0, 0.0, 0.0, 0.0, 0.0, 0.0, 0.0, 0.0, 0.0, 0.0, 0.0, 0.0, 0.0, 0.0, 0.0, 0.0, -3.0, -12.0, -17.0, -24.0, -48.0, -63.0, -86.0, -112.0, -162.0, -162.0, -191.0, -192.0, -194.0, -195.0, -199.0, -209.0, -214.0, -221.0, -226.0, -235.0, -247.0, -267.0, -278.0, -289.0, -305.0, -311.0, -320.0, -320.0, -326.0, -329.0, -335.0, -342.0, -347.0, -351.0, -360.0, -366.0, -372.0, -378.0, -381.0, -383.0, -384.0, -384.0, -384.0]","NA","[0, -0.0, -0.0, -0.0, -0.0, -0.0, -0.0, -0.0, -0.0, -0.0, -0.0, -0.0, -0.0, -0.0, -0.0, -0.0, -0.0, -0.0, -0.0, -0.0, -0.0, -0.0, -0.0, -0.0, -0.0, -0.0, -0.0, -0.0, -0.0, 1.0, 5.0, 7.0, 13.0, 29.0, 37.0, 42.0, 44.0, 45.0, 45.0, 34.0, 31.0, 23.0, 20.0, 13.0, 3.0, -0.0, -6.0, -11.0, -19.0, -28.0, -46.0, -55.0, -66.0, -88.0, -101.0, -121.0, -121.0, -136.0, -143.0, -151.0, -160.0, -169.0, -174.0, -192.0, -205.0, -216.0, -237.0, -247.0, -256.0, -264.0, -268.0, -269.0]","NA"
"Methods","undefined","undefined","undefined","undefined","black","yes","psycho","#00aaff","0","uniform","1","blue_button","NA","undefined","1","NA","blue_button","13","NA","NA","NA","0","0","0","0","0","13","NA","0","13","NA","13","NA","0","13","13","NA","Fri Oct 14 08:51:56 2022","A template containing a practice and an experimental phase","yes","Emotional stroop task.osexp","C:/Users/frede/Documents/Uni/AU/Semester 3/Perception & action/Class/experiment/PercAct/Mousetracking","no","mono","no","18","no","white","no","yes","768","315.0904000067385","315.0904000067385","NA","13","13","0","C:/Users/frede/Documents/Uni/AU/Semester 3/Perception & action/Class/experiment/PercAct/Mousetracking/subject-677.csv","Lentiform Loewenfeld","3.3.12","no","0","blue_button","NA","space","blue_button","NA","638.2546000095317","NA","14464.214599996922","638.2546000095317","NA","2","1024","2","48000","-16","experiment","677","odd","34134.35870000103","NA","NA","NA","19187.503300010576","19187.28880000708","NA","4694.40220000979","19186.562700007926","33922.29770000267","NA","4720.35840000899","34778.85820000665","NA","34134.548100002576","NA","NA","33928.79600000742","33917.73820000526","NA","[34136.50670000061, 34147.76940000593, 34157.958900002996, 34168.1138999993, 34178.26739999873, 34188.37400000484, 34198.486000008415, 34208.578500009025, 34218.75710001041, 34228.88220001187, 34239.04400000174, 34249.28040000668, 34259.48810001137, 34269.61700001266, 34279.741200007265, 34289.847100008046, 34299.94890000671, 34310.05690000893, 34320.15300000785, 34330.26120001159, 34340.3537000122, 34350.45680000621, 34360.566500006826, 34370.66070000583, 34380.76350001211, 34390.90490000672, 34401.02060000936, 34411.16250000778, 34421.28070000035, 34431.38710000494, 34441.48930000665, 34451.59710000735, 34461.92250000604, 34472.17000000819, 34482.33660000551, 34492.63630001224, 34502.894000004744, 34513.01340000646, 34523.125000006985, 34533.25030000997, 34543.36600001261, 34553.46650000138, 34563.58800000453, 34573.6911999993, 34583.8003000099, 34593.90550000535, 34604.047500004526, 34614.16710000776, 34624.264300000505, 34634.37100000738, 34644.48400000401, 34654.58520001266, 34664.70940000727, 34674.82010000094, 34684.923799999524, 34695.14770001115, 34705.31970000593, 34715.494900010526, 34725.86470001261, 34737.6809999987, 34747.964200010756, 34758.08590000088, 34768.19190000242, 34774.76130001014]","NA","Extended template","0","0","0","yes","1024","[0, 0.0, 0.0, 0.0, 0.0, 0.0, 0.0, 0.0, 0.0, 0.0, 0.0, 0.0, 0.0, 0.0, 0.0, 0.0, 0.0, 0.0, 0.0, 0.0, 0.0, 0.0, 0.0, 0.0, 0.0, 0.0, 0.0, 0.0, 0.0, 0.0, 0.0, 0.0, 0.0, -2.0, -9.0, -16.0, -38.0, -58.0, -74.0, -100.0, -146.0, -175.0, -195.0, -215.0, -235.0, -240.0, -245.0, -248.0, -259.0, -266.0, -274.0, -279.0, -287.0, -290.0, -295.0, -307.0, -310.0, -320.0, -330.0, -344.0, -345.0, -345.0, -345.0, -345.0]","NA","[0, -0.0, -0.0, -0.0, -0.0, -0.0, -0.0, -0.0, -0.0, -0.0, -0.0, -0.0, -0.0, -0.0, -0.0, -0.0, -0.0, -0.0, -0.0, -0.0, -0.0, -0.0, -0.0, -0.0, -0.0, -0.0, -0.0, -0.0, -0.0, -0.0, -0.0, -0.0, 1.0, 3.0, 5.0, 9.0, 23.0, 38.0, 50.0, 65.0, 100.0, 117.0, 130.0, 143.0, 156.0, 159.0, 161.0, 165.0, 174.0, 179.0, 185.0, 189.0, 194.0, 195.0, 196.0, 197.0, 197.0, 199.0, 200.0, 203.0, 203.0, 203.0, 203.0, 203.0]","NA"
"Dog","undefined","undefined","undefined","undefined","black","yes","psycho","#aa007f","0","uniform","1","violet_button","NA","undefined","1","NA","violet_button","14","NA","NA","NA","0","0","0","0","0","14","NA","0","14","NA","14","NA","0","14","14","NA","Fri Oct 14 08:51:56 2022","A template containing a practice and an experimental phase","yes","Emotional stroop task.osexp","C:/Users/frede/Documents/Uni/AU/Semester 3/Perception & action/Class/experiment/PercAct/Mousetracking","no","mono","no","18","no","white","no","yes","768","253.8075999909779","253.8075999909779","NA","14","14","0","C:/Users/frede/Documents/Uni/AU/Semester 3/Perception & action/Class/experiment/PercAct/Mousetracking/subject-677.csv","Lentiform Loewenfeld","3.3.12","no","0","violet_button","NA","space","violet_button","NA","641.0892999992939","NA","14464.214599996922","641.0892999992939","NA","2","1024","2","48000","-16","experiment","677","odd","35084.37190001132","NA","NA","NA","19187.503300010576","19187.28880000708","NA","4694.40220000979","19186.562700007926","34859.39230000076","NA","4720.35840000899","35730.70830000506","NA","35084.556200003135","NA","NA","34878.95440000284","34855.20260001067","NA","[35085.64810000826, 35095.95570000238, 35106.11120000249, 35116.34110000159, 35126.63090000569, 35136.81890000589, 35146.94240000972, 35157.03919999942, 35167.238200010615, 35177.44010000024, 35187.54990000161, 35197.67190000857, 35207.77520000411, 35217.93590000016, 35228.09580000467, 35238.2828000118, 35248.462200004724, 35258.58990001143, 35268.69660000375, 35278.79960001155, 35288.90330001013, 35299.00440000347, 35309.14019999909, 35319.25030000275, 35329.35660000658, 35339.455699999235, 35349.58540000662, 35359.71800000698, 35369.832600001246, 35380.018399999244, 35390.19499999995, 35400.34760000708, 35410.51349999907, 35420.671500003664, 35430.869400006486, 35440.98840000515, 35451.10600000771, 35461.21490000223, 35471.769299998414, 35481.92270001164, 35492.034499999136, 35502.14330000745, 35512.273500004085, 35522.369600003, 35532.507500000065, 35542.732600006275, 35552.89170000469, 35563.092100012, 35573.370500002056, 35583.6210000125, 35593.78900000593, 35603.91570000502, 35614.031600009184, 35624.16110000049, 35634.28470000508, 35644.40610000747, 35654.51970000868, 35664.870000007795, 35675.02150000655, 35685.265500011155, 35695.60570000613, 35705.878200009465, 35716.16680000443, 35726.44690000743, 35726.73740000755]","NA","Extended template","0","0","0","yes","1024","[0, 0.0, 0.0, 0.0, 0.0, 0.0, 0.0, 0.0, 0.0, 0.0, 0.0, 0.0, 0.0, 0.0, 0.0, 0.0, 0.0, 0.0, 0.0, 0.0, 0.0, 0.0, 0.0, 0.0, 0.0, 0.0, -2.0, -10.0, -13.0, -17.0, -21.0, -25.0, -34.0, -42.0, -62.0, -77.0, -90.0, -105.0, -135.0, -150.0, -171.0, -188.0, -217.0, -217.0, -236.0, -243.0, -250.0, -256.0, -265.0, -276.0, -280.0, -281.0, -282.0, -284.0, -285.0, -287.0, -289.0, -300.0, -304.0, -310.0, -322.0, -324.0, -325.0, -326.0, -326.0]","NA","[0, -0.0, -0.0, -0.0, -0.0, -0.0, -0.0, -0.0, -0.0, -0.0, -0.0, -0.0, -0.0, -0.0, -0.0, -0.0, -0.0, -0.0, -0.0, -0.0, -0.0, -0.0, -0.0, -0.0, -0.0, -0.0, -0.0, 1.0, 1.0, -2.0, -9.0, -24.0, -40.0, -57.0, -87.0, -102.0, -115.0, -127.0, -147.0, -155.0, -164.0, -172.0, -185.0, -185.0, -194.0, -197.0, -200.0, -201.0, -204.0, -208.0, -209.0, -209.0, -210.0, -211.0, -212.0, -213.0, -215.0, -223.0, -225.0, -229.0, -235.0, -236.0, -236.0, -236.0, -236.0]","NA"
"Guilt","undefined","undefined","undefined","undefined","black","yes","psycho","#aa007f","0","uniform","1","violet_button","NA","undefined","1","NA","violet_button","15","NA","NA","NA","0","0","0","0","0","15","NA","0","15","NA","15","NA","0","15","15","NA","Fri Oct 14 08:51:56 2022","A template containing a practice and an experimental phase","yes","Emotional stroop task.osexp","C:/Users/frede/Documents/Uni/AU/Semester 3/Perception & action/Class/experiment/PercAct/Mousetracking","no","mono","no","18","no","white","no","yes","768","224.9078000022564","224.9078000022564","NA","15","15","0","C:/Users/frede/Documents/Uni/AU/Semester 3/Perception & action/Class/experiment/PercAct/Mousetracking/subject-677.csv","Lentiform Loewenfeld","3.3.12","no","0","violet_button","NA","space","violet_button","NA","553.6125000071479","NA","14464.214599996922","553.6125000071479","NA","2","1024","2","48000","-16","experiment","677","odd","36083.96220000577","NA","NA","NA","19187.503300010576","19187.28880000708","NA","4694.40220000979","19186.562700007926","35869.29539999983","NA","4720.35840000899","36641.67850000376","NA","36084.122500004014","NA","NA","35878.62680001126","35864.09730000014","NA","[36085.10860000388, 36095.336500002304, 36106.9822999998, 36117.375400004676, 36127.65480000235, 36137.85170001211, 36148.02469999995, 36158.14360001241, 36168.26869999932, 36178.3768000023, 36188.480900003924, 36198.59749999887, 36208.698500005994, 36218.79900000931, 36228.903700000956, 36239.00250000588, 36249.24600000668, 36259.427900004084, 36269.55399999861, 36279.688599999645, 36289.79910000635, 36299.91240000527, 36310.016400006134, 36320.13310000184, 36330.2679000044, 36340.374799998244, 36350.49530000833, 36360.656800010474, 36370.7762999984, 36380.921300005866, 36391.07990000048, 36401.20610001031, 36411.32759999891, 36421.514400004526, 36431.65510000836, 36441.76719999814, 36451.88180000696, 36462.00480000698, 36472.22170000896, 36482.40280000027, 36492.60250000225, 36502.7187000087, 36512.83260001219, 36522.941200004425, 36533.089300006395, 36543.21509999863, 36553.31690001185, 36563.432900002226, 36573.531200003345, 36583.64589999837, 36593.83070000331, 36604.04869999911, 36614.179100011825, 36624.282700009644, 36634.38670001051, 36638.721100011026]","NA","Extended template","0","0","0","yes","1024","[0, 0.0, 0.0, 0.0, 0.0, 0.0, 0.0, 0.0, 0.0, 0.0, 0.0, 0.0, 0.0, 0.0, 0.0, 0.0, 0.0, 0.0, 0.0, 0.0, 0.0, 0.0, 0.0, -2.0, -4.0, -6.0, -7.0, -14.0, -21.0, -34.0, -78.0, -103.0, -129.0, -153.0, -199.0, -226.0, -256.0, -281.0, -326.0, -344.0, -346.0, -347.0, -347.0, -345.0, -344.0, -342.0, -342.0, -341.0, -341.0, -341.0, -341.0, -341.0, -340.0, -340.0, -340.0, -340.0]","NA","[0, -0.0, -0.0, -0.0, -0.0, -0.0, -0.0, -0.0, -0.0, -0.0, -0.0, -0.0, -0.0, -0.0, -0.0, -0.0, -0.0, -0.0, -0.0, -0.0, -0.0, -0.0, -0.0, -0.0, -0.0, -0.0, -0.0, -2.0, -6.0, -12.0, -41.0, -60.0, -82.0, -105.0, -152.0, -176.0, -201.0, -220.0, -250.0, -264.0, -266.0, -268.0, -270.0, -271.0, -271.0, -272.0, -272.0, -272.0, -272.0, -272.0, -271.0, -271.0, -270.0, -270.0, -270.0, -270.0]","NA"
